Title	Author_Name	Number_Of_Pages	Cover_Image_URL	PDF_Download_URL	Audio_Play_URL	Audio_Download_URL
???? ????? ?? 12 ?????? - ??? 01	Al Madina-tul-Ilmiyah	19	https://data2.dawateislami.net/Data/Books/Read/ur/2026/3802/bt3802.jpg	https://data2.dawateislami.net/Data/Books/Download/ur/pdf/2026/3802-1.pdf?fn=allah-walon-Ke-12-waqiat-qist-01	https://data2.dawateislami.net/download/islam/ur/mp3/2026/180376.mp3	https://data2.dawateislami.net/download/islam/ur/mp3/2026/180376.mp3?fn=%D8%A7%D9%84%D9%84%DB%81%20%D9%88%D8%A7%D9%84%D9%88%DA%BA%20%DA%A9%DB%92%2012%20%D9%88%D8%A7%D9%82%D8%B9%D8%A7%D8%AA%20-%20%D9%82%D8%B3%D8%B7%2001.mp3
???? ?? ???	Ameer-e-Ahl-e-Sunnat	16	https://data2.dawateislami.net/Data/Books/Read/ur/2026/3788/bt3788.jpg	https://data2.dawateislami.net/Data/Books/Download/ur/pdf/2026/3788-1.pdf?fn=Allah-ka-khauf	https://data2.dawateislami.net/download/islam/ur/mp3/2026/180024.mp3	https://data2.dawateislami.net/download/islam/ur/mp3/2026/180024.mp3?fn=%D8%A7%D9%84%D9%84%DB%81%20%DA%A9%D8%A7%20%D8%AE%D9%88%D9%81.mp3
???? ?? ????? ?? ?????	Ameer-e-Ahl-e-Sunnat	16	https://data2.dawateislami.net/Data/Books/Read/ur/2026/3787/bt3787.jpg	https://data2.dawateislami.net/Data/Books/Download/ur/pdf/2026/3787-1.pdf?fn=zaban-ki-hifazat-ki-ahmiyat	https://data2.dawateislami.net/download/islam/ur/mp3/2026/179793.mp3	https://data2.dawateislami.net/download/islam/ur/mp3/2026/179793.mp3?fn=%D8%B2%D8%A8%D8%A7%D9%86%20%DA%A9%DB%8C%20%D8%AD%D9%81%D8%A7%D8%B8%D8%AA%20%DA%A9%DB%8C%20%D8%A7%DB%81%D9%85%DB%8C%D8%AA.mp3
????? ?????? ?? 38 ???? ???? (??? 01)	Al Madina-tul-Ilmiyah	17	https://data2.dawateislami.net/Data/Books/Read/ur/2026/3786/bt3786.jpg	https://data2.dawateislami.net/Data/Books/Download/ur/pdf/2026/3786-1.pdf?fn=ihya-ul-uloom-se-38-madani-phool-qist-01	https://data2.dawateislami.net/download/islam/ur/mp3/2026/179640.mp3	https://data2.dawateislami.net/download/islam/ur/mp3/2026/179640.mp3?fn=%D8%A7%D8%AD%DB%8C%D8%A7%D8%A1%20%D8%A7%D9%84%D8%B9%D9%84%D9%88%D9%85%20%D8%B3%DB%92%2038%20%D9%85%D8%AF%D9%86%DB%8C%20%D9%BE%DA%BE%D9%88%D9%84%20%28%D9%82%D8%B3%D8%B7%2001%29.mp3
?????? ????? ???? ??? ????? ????? ????	Al Madina-tul-Ilmiyah	26	https://data2.dawateislami.net/Data/Books/Read/ur/2026/3784/bt3784.jpg	https://data2.dawateislami.net/Data/Books/Download/ur/pdf/2026/3784-1.pdf?fn=faizan-e-mufti-azam-hind	https://data2.dawateislami.net/download/islam/ur/mp3/2026/179414.mp3	https://data2.dawateislami.net/download/islam/ur/mp3/2026/179414.mp3?fn=%D9%81%DB%8C%D8%B6%D8%A7%D9%86%D9%90%20%D9%85%D9%81%D8%AA%DB%8C%D9%90%20%D8%A7%D8%B9%D8%B8%D9%85%20%DB%81%D9%86%D8%AF%20%D8%B1%D8%AD%D9%85%DB%83%D9%8F%20%D8%A7%D9%84%D9%84%DB%81%D9%90%20%D8%B9%D9%84%DB%8C%DB%81.mp3
???? ????? ? ???? ???	Ameer-e-Ahl-e-Sunnat	16	https://data2.dawateislami.net/Data/Books/Read/ur/2026/3781/bt3781.jpg	https://data2.dawateislami.net/Data/Books/Download/ur/pdf/2026/3781-1.pdf?fn=shan-e-sahaba-o-ahl-e-bait	https://data2.dawateislami.net/download/islam/ur/mp3/2026/179191.mp3	https://data2.dawateislami.net/download/islam/ur/mp3/2026/179191.mp3?fn=%D8%B4%D8%A7%D9%86%D9%90%20%D8%B5%D8%AD%D8%A7%D8%A8%DB%81%20%D9%88%20%D8%A7%DB%81%D9%84%D9%90%20%D8%A8%DB%8C%D8%AA.mp3
?????? ???? ???	Ameer-e-Ahl-e-Sunnat	15	https://data2.dawateislami.net/Data/Books/Read/ur/2026/3776/bt3776.jpg	https://data2.dawateislami.net/Data/Books/Download/ur/pdf/2026/3776-1.pdf?fn=fazail-e-ahl-e-bait	https://data2.dawateislami.net/download/islam/ur/mp3/2026/178975.mp3	https://data2.dawateislami.net/download/islam/ur/mp3/2026/178975.mp3?fn=%D9%81%D8%B6%D8%A7%D8%A6%D9%84%D9%90%20%D8%A7%DB%81%D9%84%D9%90%20%D8%A8%DB%8C%D8%AA.mp3
??? ????????	Ameer-e-Ahl-e-Sunnat	18	https://data2.dawateislami.net/Data/Books/Read/ur/2026/3775/bt3775.jpg	https://data2.dawateislami.net/Data/Books/Download/ur/pdf/2026/3775-1.pdf?fn=chaar-buraiyan	https://data2.dawateislami.net/download/islam/ur/mp3/2026/178783.mp3	https://data2.dawateislami.net/download/islam/ur/mp3/2026/178783.mp3?fn=%DA%86%D8%A7%D8%B1%20%D8%A8%D9%8F%D8%B1%D8%A7%D8%A6%DB%8C%D8%A7%DA%BA.mp3
???? ???? ?? ??????	Ameer-e-Ahl-e-Sunnat	16	https://data2.dawateislami.net/Data/Books/Read/ur/2026/3771/bt3771.jpg	https://data2.dawateislami.net/Data/Books/Download/ur/pdf/2026/3771-1.pdf?fn=zikrullah-ke-waqiat	https://data2.dawateislami.net/download/islam/ur/mp3/2026/178628.mp3	https://data2.dawateislami.net/download/islam/ur/mp3/2026/178628.mp3?fn=%D8%B0%DA%A9%D8%B1%D9%8F%20%D8%A7%D9%84%D9%84%DB%81%20%DA%A9%DB%92%20%D9%88%D8%A7%D9%82%D8%B9%D8%A7%D8%AA.mp3
????? ???????? ?? 38 ???? ???? - ??? 01	Al Madina-tul-Ilmiyah	16	https://data2.dawateislami.net/Data/Books/Read/ur/2026/3768/bt3768.jpg	https://data2.dawateislami.net/Data/Books/Download/ur/pdf/2026/3768-1.pdf?fn=Minhaj-ul-aabideen-se-38-madani-phool-qist-01	https://data2.dawateislami.net/download/islam/ur/mp3/2026/178427.mp3	https://data2.dawateislami.net/download/islam/ur/mp3/2026/178427.mp3?fn=%D9%85%D9%86%DB%81%D8%A7%D8%AC%20%D8%A7%D9%84%D8%B9%D8%A7%D8%A8%D8%AF%DB%8C%D9%86%20%D8%B3%DB%92%2038%20%D9%85%D8%AF%D9%86%DB%8C%20%D9%BE%DA%BE%D9%88%D9%84%20-%20%D9%82%D8%B3%D8%B7%2001.mp3
???? ????? ?? ???? ?? ?????	Ameer-e-Ahl-e-Sunnat	18	https://data2.dawateislami.net/Data/Books/Read/ur/2026/3767/bt3767.jpg	https://data2.dawateislami.net/Data/Books/Download/ur/pdf/2026/3767-1.pdf?fn=fuzool-baaton-se-bachne-ki-fazilat	https://data2.dawateislami.net/download/islam/ur/mp3/2026/178100.mp3	https://data2.dawateislami.net/download/islam/ur/mp3/2026/178100.mp3?fn=%D9%81%D8%B6%D9%88%D9%84%20%D8%A8%D8%A7%D8%AA%D9%88%DA%BA%20%D8%B3%DB%92%20%D8%A8%DA%86%D9%86%DB%92%20%DA%A9%DB%8C%20%D9%81%D8%B6%DB%8C%D9%84%D8%AA.mp3
??? ??? ???	Ameer-e-Ahl-e-Sunnat	17	https://data2.dawateislami.net/Data/Books/Read/ur/2026/3756/bt3756.jpg	https://data2.dawateislami.net/Data/Books/Download/ur/pdf/2026/3756-1.pdf?fn=aqalmand-baap	https://data2.dawateislami.net/download/islam/ur/mp3/2026/177955.mp3	https://data2.dawateislami.net/download/islam/ur/mp3/2026/177955.mp3?fn=%D8%B9%D9%82%D9%84%20%D9%85%D9%86%D8%AF%20%D8%A8%D8%A7%D9%BE.mp3
?????? ?? ?????	Ameer-e-Ahl-e-Sunnat	21	https://data2.dawateislami.net/Data/Books/Read/ur/2026/3753/bt3753.jpg	https://data2.dawateislami.net/Data/Books/Download/ur/pdf/2026/3753-1.pdf?fn=diljoi-ke-fazail	https://data2.dawateislami.net/download/islam/ur/mp3/2026/177553.mp3	https://data2.dawateislami.net/download/islam/ur/mp3/2026/177553.mp3?fn=%D8%AF%D9%84%D8%AC%D9%88%D8%A6%DB%8C%20%DA%A9%DB%92%20%D9%81%D8%B6%D8%A7%D8%A6%D9%84.mp3
???? ??????	Ameer-e-Ahl-e-Sunnat	18	https://data2.dawateislami.net/Data/Books/Read/ur/2026/3752/bt3752.jpg	https://data2.dawateislami.net/Data/Books/Download/ur/pdf/2026/3752-1.pdf?fn=ajeeb-azmaish	https://data2.dawateislami.net/download/islam/ur/mp3/2026/177344.mp3	https://data2.dawateislami.net/download/islam/ur/mp3/2026/177344.mp3?fn=%D8%B9%D8%AC%DB%8C%D8%A8%20%D8%A2%D8%B2%D9%85%D8%A7%D8%A6%D8%B4.mp3
????? ?? ??????	Ameer-e-Ahl-e-Sunnat	17	https://data2.dawateislami.net/Data/Books/Read/ur/2026/3740/bt3740.jpg	https://data2.dawateislami.net/Data/Books/Download/ur/pdf/2026/3740-1.pdf?fn=wasilay-ki-barkatain	https://data2.dawateislami.net/download/islam/ur/mp3/2026/176793.mp3	https://data2.dawateislami.net/download/islam/ur/mp3/2026/176793.mp3?fn=%D9%88%D8%B3%DB%8C%D9%84%DB%92%20%DA%A9%DB%8C%20%D8%A8%D8%B1%DA%A9%D8%AA%DB%8C%DA%BA.mp3
???????? ????	Ameer-e-Ahl-e-Sunnat	34	https://data2.dawateislami.net/Data/Books/Read/ur/2026/3713/bt3713.jpg	https://data2.dawateislami.net/Data/Books/Download/ur/pdf/2026/3713-1.pdf?fn=tahreerat-e-attar	https://data2.dawateislami.net/download/islam/ur/mp3/2026/176613.mp3	https://data2.dawateislami.net/download/islam/ur/mp3/2026/176613.mp3?fn=%D8%AA%D8%AD%D8%B1%DB%8C%D8%B1%D8%A7%D8%AA%D9%90%20%D8%B9%D8%B7%D8%A7%D8%B1.mp3
????? ????? ?????	Ameer-e-Ahl-e-Sunnat	16	https://data2.dawateislami.net/Data/Books/Read/ur/2026/3712/bt3712.jpg	https://data2.dawateislami.net/Data/Books/Download/ur/pdf/2026/3712-1.pdf?fn=muhtat-guftagu-kijiye	https://data2.dawateislami.net/download/islam/ur/mp3/2026/176410.mp3	https://data2.dawateislami.net/download/islam/ur/mp3/2026/176410.mp3?fn=%D9%85%D8%AD%D8%AA%D8%A7%D8%B7%20%DA%AF%D9%81%D8%AA%DA%AF%D9%88%20%DA%A9%DB%8C%D8%AC%DB%8C%DB%92.mp3
??? ????? ?? ??????? ???? ?? ?????	Ameer-e-Ahl-e-Sunnat	16	https://data2.dawateislami.net/Data/Books/Read/ur/2026/3710/bt3710.jpg	https://data2.dawateislami.net/Data/Books/Download/ur/pdf/2026/3710-1.pdf?fn=naik-amaal-par-istiqamat-pane-ke-tariqay	https://data2.dawateislami.net/download/islam/ur/mp3/2026/176145.mp3	https://data2.dawateislami.net/download/islam/ur/mp3/2026/176145.mp3?fn=%D9%86%DB%8C%DA%A9%20%D8%A7%D8%B9%D9%85%D8%A7%D9%84%20%D9%BE%D8%B1%20%D8%A7%D8%B3%D8%AA%D9%82%D8%A7%D9%85%D8%AA%20%D9%BE%D8%A7%D9%86%DB%92%20%DA%A9%DB%92%20%D8%B7%D8%B1%DB%8C%D9%82%DB%92.mp3
???? ??? ???? ?? ????	Ameer-e-Ahl-e-Sunnat	19	https://data2.dawateislami.net/Data/Books/Read/ur/2026/3690/bt3690.jpg	https://data2.dawateislami.net/Data/Books/Download/ur/pdf/2026/3690-1.pdf?fn=lambi-umer-pane-ka-nuskha	https://data2.dawateislami.net/download/islam/ur/mp3/2026/175752.mp3	https://data2.dawateislami.net/download/islam/ur/mp3/2026/175752.mp3?fn=%D9%84%D9%85%D8%A8%DB%8C%20%D8%B9%D9%85%D8%B1%20%D9%BE%D8%A7%D9%86%DB%92%20%DA%A9%D8%A7%20%D9%86%D8%B3%D8%AE%DB%81.mp3
???? ??? ?????	Al Madina-tul-Ilmiyah	19	https://data2.dawateislami.net/Data/Books/Read/ur/2026/3689/bt3689.jpg	https://data2.dawateislami.net/Data/Books/Download/ur/pdf/2026/3689-1.pdf?fn=sukoon-bakhsh-aayaten	https://data2.dawateislami.net/download/islam/ur/mp3/2026/174996.mp3	https://data2.dawateislami.net/download/islam/ur/mp3/2026/174996.mp3?fn=%D8%B3%DA%A9%D9%88%D9%86%20%D8%A8%D8%AE%D8%B4%20%D8%A2%DB%8C%D8%AA%DB%8C%DA%BA.mp3
??????? ????? ???? ???? ????	Ameer-e-Ahl-e-Sunnat	13	https://data2.dawateislami.net/Data/Books/Read/ur/2026/3688/bt3688.jpg	https://data2.dawateislami.net/Data/Books/Download/ur/pdf/2026/3688-1.pdf?fn=ibadaat-e-ramazan-kaese-qabool-hon	https://data2.dawateislami.net/download/islam/ur/mp3/2026/175576.mp3	https://data2.dawateislami.net/download/islam/ur/mp3/2026/175576.mp3?fn=%D8%B9%D8%A8%D8%A7%D8%AF%D8%A7%D8%AA%D9%90%20%D8%B1%D9%85%D8%B6%D8%A7%D9%86%20%DA%A9%DB%8C%D8%B3%DB%92%20%D9%82%D8%A8%D9%88%D9%84%20%DB%81%D9%88%DA%BA%D8%9F.mp3
???? ?????? ?? ????	Al Madina-tul-Ilmiyah	36	https://data2.dawateislami.net/Data/Books/Read/ur/2026/3687/bt3687.jpg	https://data2.dawateislami.net/Data/Books/Download/ur/pdf/2026/3687-1.pdf?fn=ameer-e-ahl-e-sunnat-ka-bachpan	https://data2.dawateislami.net/download/islam/ur/mp3/2026/175285.mp3	https://data2.dawateislami.net/download/islam/ur/mp3/2026/175285.mp3?fn=%D8%A7%D9%85%DB%8C%D8%B1%20%D8%A7%DB%81%D9%84%D8%B3%D9%86%D8%AA%20%DA%A9%D8%A7%20%D8%A8%DA%86%D9%BE%D9%86.mp3
?????? ?????? ????? ?? ?????? ?????	Al Madina-tul-Ilmiyah	24	https://data2.dawateislami.net/Data/Books/Read/ur/2026/3678/bt3678.jpg	https://data2.dawateislami.net/Data/Books/Download/ur/pdf/2026/3678-1.pdf?fn=ramazan-ul-kareem-manane-ke-pur-kaif-andaz	https://data2.dawateislami.net/download/islam/ur/mp3/2026/174639.mp3	https://data2.dawateislami.net/download/islam/ur/mp3/2026/174639.mp3?fn=%D8%B1%D9%85%D8%B6%D8%A7%D9%86%D9%8F%20%D8%A7%D9%84%DA%A9%D8%B1%DB%8C%D9%85%20%D9%85%D9%86%D8%A7%D9%86%DB%92%20%DA%A9%DB%92%20%D9%BE%D9%8F%D8%B1%DA%A9%DB%8C%D9%81%20%D8%A7%D9%86%D8%AF%D8%A7%D8%B2.mp3
?????? ?????? ?? ?????	Al Madina-tul-Ilmiyah	17	https://data2.dawateislami.net/Data/Books/Read/ur/2026/3677/bt3677.jpg	https://data2.dawateislami.net/Data/Books/Download/ur/pdf/2026/3677-1.pdf?fn=ramazan-ul-kareem-ki-sajawat	https://data2.dawateislami.net/download/islam/ur/mp3/2026/174260.mp3	https://data2.dawateislami.net/download/islam/ur/mp3/2026/174260.mp3?fn=%D8%B1%D9%85%D8%B6%D8%A7%D9%86%D9%8F%20%D8%A7%D9%84%DA%A9%D8%B1%DB%8C%D9%85%20%DA%A9%DB%8C%20%D8%B3%D8%AC%D8%A7%D9%88%D9%B9.mp3
???? ??? ??? ????? ??? ????	Ameer-e-Ahl-e-Sunnat	14	https://data2.dawateislami.net/Data/Books/Read/ur/2026/3670/bt3670.jpg	https://data2.dawateislami.net/Data/Books/Download/ur/pdf/2026/3670-1.pdf?fn=rah-e-khuda-me-pyari-cheez-dena	https://data2.dawateislami.net/download/islam/ur/mp3/2026/173735.mp3	https://data2.dawateislami.net/download/islam/ur/mp3/2026/173735.mp3?fn=%D8%B1%D8%A7%DB%81%D9%90%20%D8%AE%D8%AF%D8%A7%20%D9%85%DB%8C%DA%BA%20%D9%BE%DB%8C%D8%A7%D8%B1%DB%8C%20%DA%86%DB%8C%D8%B2%20%D8%AF%DB%8C%D9%86%D8%A7.mp3
???? ????? ???? ??? ?????	Al Madina-tul-Ilmiyah	20	https://data2.dawateislami.net/Data/Books/Read/ur/2026/3667/bt3667.jpg	https://data2.dawateislami.net/Data/Books/Download/ur/pdf/2026/3667-1.pdf?fn=mah-e-ramzan-mah-e-naik-aamal	https://data2.dawateislami.net/download/islam/ur/mp3/2026/174019.mp3	https://data2.dawateislami.net/download/islam/ur/mp3/2026/174019.mp3?fn=%D9%85%D8%A7%DB%81%D9%90%20%D8%B1%D9%85%D8%B6%D8%A7%D9%86%20%D9%85%D8%A7%DB%81%D9%90%20%D9%86%DB%8C%DA%A9%20%D8%A7%D8%B9%D9%85%D8%A7%D9%84.mp3
???? ???? ????? ???? ??	Al Madina-tul-Ilmiyah	19	https://data2.dawateislami.net/Data/Books/Read/ur/2026/3659/bt3659.jpg	https://data2.dawateislami.net/Data/Books/Download/ur/pdf/2026/3659-1.pdf?fn=rishtedari-katna-haram-hai	https://data2.dawateislami.net/download/islam/ur/mp3/2026/173529.mp3	https://data2.dawateislami.net/download/islam/ur/mp3/2026/173529.mp3?fn=%D8%B1%D8%B4%D8%AA%DB%92%20%D8%AF%D8%A7%D8%B1%DB%8C%20%DA%A9%D8%A7%D9%B9%D9%86%D8%A7%20%D8%AD%D8%B1%D8%A7%D9%85%20%DB%81%DB%92.mp3
???? ?????? ?? 59 ???? ???? (??? ?)	Al Madina-tul-Ilmiyah	16	https://data2.dawateislami.net/Data/Books/Read/ur/2026/3657/bt3657.jpg	https://data2.dawateislami.net/Data/Books/Download/ur/pdf/2026/3657-1.pdf?fn=qut-al-qulub-se-59-madani-phool-qist-02	https://data2.dawateislami.net/download/islam/ur/mp3/2026/172897.mp3	https://data2.dawateislami.net/download/islam/ur/mp3/2026/172897.mp3?fn=%D9%82%D9%88%D8%AA%D9%8F%20%D8%A7%D9%84%D9%82%D9%84%D9%88%D8%A8%20%D8%B3%DB%92%2059%20%D9%85%D8%AF%D9%86%DB%8C%20%D9%BE%DA%BE%D9%88%D9%84%20%28%D9%82%D8%B3%D8%B7%20%DB%B2%29.mp3
?? ??? ??? ???? ????? ???? ???? ?? ???? ?? ???? ????	Ameer-e-Ahl-e-Sunnat	25	https://data2.dawateislami.net/Data/Books/Read/ur/2026/3658/bt3658.jpg	https://data2.dawateislami.net/Data/Books/Download/ur/pdf/2026/3658-1.pdf?fn=jo-aaqa-ki-pasand-wo-apni-pasand	https://data2.dawateislami.net/download/islam/ur/mp3/2026/173189.mp3	https://data2.dawateislami.net/download/islam/ur/mp3/2026/173189.mp3?fn=%D8%AC%D9%88%20%D8%A2%D9%82%D8%A7%20%D8%B5%D9%84%DB%8C%20%D8%A7%D9%84%D9%84%DB%81%20%D8%AA%D8%B9%D8%A7%D9%84%DB%8C%20%D8%B9%D9%84%DB%8C%DB%81%20%D9%88%D8%B3%D9%84%D9%85%20%DA%A9%DB%8C%20%D9%BE%D8%B3%D9%86%D8%AF%20%D9%88%DB%81%20%D8%A7%D9%BE%D9%86%DB%8C%20%D9%BE%D8%B3%D9%86%D8%AF.mp3
????? ?????????? ?? 77 ???? ???? (???:9)	Al Madina-tul-Ilmiyah	15	https://data2.dawateislami.net/Data/Books/Read/ur/2025/3653/bt3653.jpg	https://data2.dawateislami.net/Data/Books/Download/ur/pdf/2025/3653-1.pdf?fn=tafseer-e-noor-ul-irfan-se-77-madani-phool-qist-9	https://data2.dawateislami.net/download/islam/ur/mp3/2026/172661.mp3	https://data2.dawateislami.net/download/islam/ur/mp3/2026/172661.mp3?fn=%D8%AA%D9%81%D8%B3%DB%8C%D8%B1%20%D9%86%D9%88%D8%B1%D8%A7%D9%84%D8%B9%D8%B1%D9%81%D8%A7%D9%86%20%D8%B3%DB%92%2077%20%D9%85%D8%AF%D9%86%DB%8C%20%D9%BE%DA%BE%D9%88%D9%84%20%28%D9%82%D8%B3%D8%B7%3A9%29.mp3
????? ?????????? ?? 85 ???? ???? (???:8)	Al Madina-tul-Ilmiyah	16	https://data2.dawateislami.net/Data/Books/Read/ur/2025/3624/bt3624.jpg	https://data2.dawateislami.net/Data/Books/Download/ur/pdf/2025/3624-1.pdf?fn=tafseer-e-noor-ul-irfan-85-madani-phool-qist-8	https://data2.dawateislami.net/download/islam/ur/mp3/2025/170226.mp3	https://data2.dawateislami.net/download/islam/ur/mp3/2025/170226.mp3?fn=%D8%AA%D9%81%D8%B3%DB%8C%D8%B1%20%D9%86%D9%88%D8%B1%D8%A7%D9%84%D8%B9%D8%B1%D9%81%D8%A7%D9%86%20%D8%B3%DB%92%2085%20%D9%85%D8%AF%D9%86%DB%8C%20%D9%BE%DA%BE%D9%88%D9%84%20%28%D9%82%D8%B3%D8%B7%3A8%29.mp3
????? ?????????? ?? 100 ???? ???? (???:7)	Al Madina-tul-Ilmiyah	17	https://data2.dawateislami.net/Data/Books/Read/ur/2025/3607/bt3607.jpg	https://data2.dawateislami.net/Data/Books/Download/ur/pdf/2025/3607-1.pdf?fn=tafseer-e-noor-ul-irfan-100-madani-phool-qist-7	https://data2.dawateislami.net/download/islam/ur/mp3/2025/168969.mp3	https://data2.dawateislami.net/download/islam/ur/mp3/2025/168969.mp3?fn=%D8%AA%D9%81%D8%B3%DB%8C%D8%B1%20%D9%86%D9%88%D8%B1%D8%A7%D9%84%D8%B9%D8%B1%D9%81%D8%A7%D9%86%20%D8%B3%DB%92%20100%20%D9%85%D8%AF%D9%86%DB%8C%20%D9%BE%DA%BE%D9%88%D9%84%20%28%D9%82%D8%B3%D8%B7%3A7%29.mp3
????? ?? ??? ????? ?????	Al Madina-tul-Ilmiyah	29	https://data2.dawateislami.net/Data/Books/Read/ur/2025/3603/bt3603.jpg	https://data2.dawateislami.net/Data/Books/Download/ur/pdf/2025/3603-1.pdf?fn=auliya-ki-shan-bazuban-e-quran	https://data2.dawateislami.net/download/islam/ur/mp3/2025/168325.mp3	https://data2.dawateislami.net/download/islam/ur/mp3/2025/168325.mp3?fn=%D8%A7%D9%88%D9%84%DB%8C%D8%A7%20%DA%A9%DB%8C%20%D8%B4%D8%A7%D9%86%20%D8%A8%D8%B2%D8%A8%D8%A7%D9%86%20%D9%82%D8%B1%D8%A7%D9%93%D9%86.mp3
???? ???? ?? ????? ??? 60 ?????	Al Madina-tul-Ilmiyah	26	https://data2.dawateislami.net/Data/Books/Read/ur/2025/3596/bt3596.jpg	https://data2.dawateislami.net/Data/Books/Download/ur/pdf/2025/3596-1.pdf?fn=ayat-e-sajda-ke-fazail-aur-60-masail	https://data2.dawateislami.net/download/islam/ur/mp3/2025/167689.mp3	https://data2.dawateislami.net/download/islam/ur/mp3/2025/167689.mp3?fn=%D8%A7%D9%93%DB%8C%D8%AA%20%D8%B3%D8%AC%D8%AF%DB%81%20%DA%A9%DB%92%20%D9%81%D8%B6%D8%A7%D8%A6%D9%84%20%D8%A7%D9%88%D8%B1%2060%20%D9%85%D8%B3%D8%A7%D8%A6%D9%84.mp3
????? ?????????? ?? 95 ???? ???? (???:6)	Al Madina-tul-Ilmiyah	16	https://data2.dawateislami.net/Data/Books/Read/ur/2025/3584/bt3584.jpg	https://data2.dawateislami.net/Data/Books/Download/ur/pdf/2025/3584-1.pdf?fn=tafseer-e-noor-ul-irfan-95-madani-phool-qist-6	https://data2.dawateislami.net/download/islam/ur/mp3/2025/166330.mp3	https://data2.dawateislami.net/download/islam/ur/mp3/2025/166330.mp3?fn=%D8%AA%D9%81%D8%B3%DB%8C%D8%B1%20%D9%86%D9%88%D8%B1%D8%A7%D9%84%D8%B9%D8%B1%D9%81%D8%A7%D9%86%20%D8%B3%DB%92%2095%20%D9%85%D8%AF%D9%86%DB%8C%20%D9%BE%DA%BE%D9%88%D9%84%20%28%D9%82%D8%B3%D8%B7%3A6%29.mp3
??????? ??? ?? ??? ?????	Al Madina-tul-Ilmiyah	21	https://data2.dawateislami.net/Data/Books/Read/ur/2025/3577/bt3577.jpg	https://data2.dawateislami.net/Data/Books/Download/ur/pdf/2025/3577-1.pdf?fn=ameer-e-ahl-e-sunnat-ke-bare-bhai	https://data2.dawateislami.net/download/islam/ur/mp3/2025/165245.mp3	https://data2.dawateislami.net/download/islam/ur/mp3/2025/165245.mp3?fn=%D8%A7%D9%85%DB%8C%D8%B1%D8%A7%DB%81%D9%84%20%D8%B3%D9%86%D8%AA%20%DA%A9%DB%92%20%D8%A8%DA%91%DB%92%20%D8%A8%DA%BE%D8%A7%D8%A6%DB%8C.mp3
????? ?????????? ?? 105 ???? ???? (???:5)	Al Madina-tul-Ilmiyah	17	https://data2.dawateislami.net/Data/Books/Read/ur/2025/3569/bt3569.jpg	https://data2.dawateislami.net/Data/Books/Download/ur/pdf/2025/3569-1.pdf?fn=tafseer-e-noor-ul-irfan-105-madani-phool-qist-5	https://data2.dawateislami.net/download/islam/ur/mp3/2025/164396.mp3	https://data2.dawateislami.net/download/islam/ur/mp3/2025/164396.mp3?fn=%D8%AA%D9%81%D8%B3%DB%8C%D8%B1%20%D9%86%D9%88%D8%B1%D8%A7%D9%84%D8%B9%D8%B1%D9%81%D8%A7%D9%86%20%D8%B3%DB%92%20105%20%D9%85%D8%AF%D9%86%DB%8C%20%D9%BE%DA%BE%D9%88%D9%84%20%28%D9%82%D8%B3%D8%B7%3A5%29.mp3
????? ?????????? ?? 85 ???? ???? (???:4)	Al Madina-tul-Ilmiyah	17	https://data2.dawateislami.net/Data/Books/Read/ur/2025/3543/bt3543.jpg	https://data2.dawateislami.net/Data/Books/Download/ur/pdf/2025/3543-1.pdf?fn=tafseer-e-noor-ul-irfan-85-madani-phool-qist-4	https://data2.dawateislami.net/download/islam/ur/mp3/2025/162732.mp3	https://data2.dawateislami.net/download/islam/ur/mp3/2025/162732.mp3?fn=%D8%AA%D9%81%D8%B3%DB%8C%D8%B1%20%D9%86%D9%88%D8%B1%D8%A7%D9%84%D8%B9%D8%B1%D9%81%D8%A7%D9%86%20%D8%B3%DB%92%2085%20%D9%85%D8%AF%D9%86%DB%8C%20%D9%BE%DA%BE%D9%88%D9%84%20%28%D9%82%D8%B3%D8%B7%3A4%29.mp3
????? ?????????? ?? 99 ???? ???? (???:3)	Al Madina-tul-Ilmiyah	17	https://data2.dawateislami.net/Data/Books/Read/ur/2025/3535/bt3535.jpg	https://data2.dawateislami.net/Data/Books/Download/ur/pdf/2025/3535-1.pdf?fn=tafseer-e-noor-ul-irfan-99-madani-phool-qist-3	https://data2.dawateislami.net/download/islam/ur/mp3/2025/161244.mp3	https://data2.dawateislami.net/download/islam/ur/mp3/2025/161244.mp3?fn=%D8%AA%D9%81%D8%B3%DB%8C%D8%B1%20%D9%86%D9%88%D8%B1%D8%A7%D9%84%D8%B9%D8%B1%D9%81%D8%A7%D9%86%20%D8%B3%DB%92%2099%20%D9%85%D8%AF%D9%86%DB%8C%20%D9%BE%DA%BE%D9%88%D9%84%20%28%D9%82%D8%B3%D8%B7%3A3%29.mp3
????? ?????????? ?? 72 ???? ???? (???:2)	Al Madina-tul-Ilmiyah	17	https://data2.dawateislami.net/Data/Books/Read/ur/2025/3502/bt3502.jpg	https://data2.dawateislami.net/Data/Books/Download/ur/pdf/2025/3502-1.pdf?fn=tafseer-e-noor-ul-irfan-72-madani-phool-qist-2	https://data2.dawateislami.net/download/islam/ur/mp3/2025/157617.mp3	https://data2.dawateislami.net/download/islam/ur/mp3/2025/157617.mp3?fn=%D8%AA%D9%81%D8%B3%DB%8C%D8%B1%20%D9%86%D9%88%D8%B1%D8%A7%D9%84%D8%B9%D8%B1%D9%81%D8%A7%D9%86%20%D8%B3%DB%92%2072%20%D9%85%D8%AF%D9%86%DB%8C%20%D9%BE%DA%BE%D9%88%D9%84%20%28%D9%82%D8%B3%D8%B7%3A2%29.mp3
????? ?????????? ?? 92 ???? ???? (???:1)	Al Madina-tul-Ilmiyah	4	https://data2.dawateislami.net/Data/Books/Read/ur/2024/3486/bt3486.jpg	https://data2.dawateislami.net/Data/Books/Download/ur/pdf/2024/3486-1.pdf?fn=tafseer-e-noor-ul-irfan-92-madani-phool-qist-1	https://data2.dawateislami.net/download/islam/ur/mp3/2024/156245.mp3	https://data2.dawateislami.net/download/islam/ur/mp3/2024/156245.mp3?fn=%D8%AA%D9%81%D8%B3%DB%8C%D8%B1%20%D9%86%D9%88%D8%B1%D8%A7%D9%84%D8%B9%D8%B1%D9%81%D8%A7%D9%86%20%D8%B3%DB%92%2092%20%D9%85%D8%AF%D9%86%DB%8C%20%D9%BE%DA%BE%D9%88%D9%84%20%28%D9%82%D8%B3%D8%B7%3A1%29.mp3
????? ???? ???? ?? ???? ???? ?????? ??? 14 ???? ????	Ameer-e-Ahl-e-Sunnat	2	https://data2.dawateislami.net/Data/Books/Read/ur/2024/3432/bt3432.jpg	https://data2.dawateislami.net/Data/Books/Download/ur/pdf/2024/3432-1.pdf?fn=mohabbat-e-rasool-ke-baray-mein-14-sawal-jawab	https://data2.dawateislami.net/download/islam/ur/mp3/2024/152472.mp3	https://data2.dawateislami.net/download/islam/ur/mp3/2024/152472.mp3?fn=%D8%A7%D9%85%DB%8C%D8%B1%D9%90%20%D8%A7%DB%81%D9%84%D9%90%20%D8%B3%D9%86%D9%91%D8%AA%20%D8%B3%DB%92%20%D9%85%D8%AD%D8%A8%D8%AA%20%D8%B1%D8%B3%D9%88%D9%84%20%DA%A9%DB%92%D8%A8%D8%A7%D8%B1%DB%92%20%D9%85%DB%8C%DA%BA%2014%20%D8%B3%D9%88%D8%A7%D9%84%20%D8%AC%D9%88%D8%A7%D8%A8.mp3
????? ???? ???? ?? ?? ????? ?????? ??? 20 ???? ????	Ameer-e-Ahl-e-Sunnat	1	https://data2.dawateislami.net/Data/Books/Read/ur/2024/3422/bt3422.jpg	https://data2.dawateislami.net/Data/Books/Download/ur/pdf/2024/3422-1.pdf?fn=badshuguni-ke-baray-mein-20-sawal-jawab	https://data2.dawateislami.net/download/islam/ur/mp3/2024/151202.mp3	https://data2.dawateislami.net/download/islam/ur/mp3/2024/151202.mp3?fn=%D8%A7%D9%85%DB%8C%D8%B1%D9%90%20%D8%A7%DB%81%D9%84%D9%90%20%D8%B3%D9%86%D9%91%D8%AA%20%D8%B3%DB%92%20%D8%A8%D8%AF%20%D8%B4%DA%AF%D9%88%D9%86%DB%8C%20%DA%A9%DB%92%D8%A8%D8%A7%D8%B1%DB%92%20%D9%85%DB%8C%DA%BA%2020%20%D8%B3%D9%88%D8%A7%D9%84%20%D8%AC%D9%88%D8%A7%D8%A8.mp3
???? ??? ??? ?? ????? ????? ?? ???? ??? ???? ????	Al Madina-tul-Ilmiyah	14	https://data2.dawateislami.net/Data/Books/Read/ur/2023/3256/bt3256.jpg	https://data2.dawateislami.net/Data/Books/Download/ur/pdf/2023/3256-1.pdf?fn=tilawat-e-quran-ke-baray-mein-sawal-jawab	https://data2.dawateislami.net/download/islam/ur/mp3/2023/134410.mp3	https://data2.dawateislami.net/download/islam/ur/mp3/2023/134410.mp3?fn=%D8%A7%D9%85%DB%8C%D8%B1%20%D8%A7%DB%81%D9%84%20%D8%B3%D9%86%D8%AA%20%D8%B3%DB%92%20%D8%AA%D9%84%D8%A7%D9%88%D8%AA%20%D9%82%D8%B1%D8%A7%D9%93%D9%86%20%DA%A9%DB%92%20%D8%A8%D8%A7%D8%B1%DB%92%20%D9%85%DB%8C%DA%BA%20%D8%B3%D9%88%D8%A7%D9%84%20%D8%AC%D9%88%D8%A7%D8%A8.mp3
???? ??? ??? ?? ????? ??? ?? ???? ??? ???? ????	Al Madina-tul-Ilmiyah	17	https://data2.dawateislami.net/Data/Books/Read/ur/2023/3209/bt3209.jpg	https://data2.dawateislami.net/Data/Books/Download/ur/pdf/2023/3209-1.pdf?fn=quran-pak-ke-baray-mein-sawal-jawab	https://data2.dawateislami.net/download/islam/ur/mp3/2023/129470.mp3	https://data2.dawateislami.net/download/islam/ur/mp3/2023/129470.mp3?fn=%D8%A7%D9%85%DB%8C%D8%B1%20%D8%A7%DB%81%D9%84%20%D8%B3%D9%86%D8%AA%20%D8%B3%DB%92%20%D9%82%D8%B1%D8%A7%D9%93%D9%86%20%D9%BE%D8%A7%DA%A9%20%DA%A9%DB%92%20%D8%A8%D8%A7%D8%B1%DB%92%20%D9%85%DB%8C%DA%BA%20%D8%B3%D9%88%D8%A7%D9%84%20%D8%AC%D9%88%D8%A7%D8%A8.mp3
?? ?? ????? ??? ??? ???? ?????? ???? ?????? ????	Ameer-e-Ahl-e-Sunnat	44	https://data2.dawateislami.net/Data/Books/Read/ur/2022/3083/bt3083.jpg	https://data2.dawateislami.net/Data/Books/Download/ur/pdf/2022/3083-1.pdf?fn=sab-say-aakhri-nabi	https://data2.dawateislami.net/download/islam/ur/mp3/2022/118522.mp3	https://data2.dawateislami.net/download/islam/ur/mp3/2022/118522.mp3?fn=%D8%B3%D8%A8%20%D8%B3%DB%92%20%D8%A7%D9%93%D8%AE%D8%B1%DB%8C%20%D9%86%D8%A8%DB%8C%20%D8%B5%D9%84%DB%8C%20%D8%A7%D9%84%D9%84%DB%81%20%D8%AA%D8%B9%D8%A7%D9%84%D9%B0%DB%8C%20%D8%B9%D9%84%DB%8C%DB%81%20%D9%88%D8%A7%D9%B0%D9%84%DB%81%D9%96%20%D9%88%D8%B3%D9%84%D9%85.mp3
????? ????	Khalifa e Ameer e Ahle Sunnat Maulana Abu Usaid Haji Ubaid Raza Attari Madani	4	https://data2.dawateislami.net/Data/Books/Read/ur/2022/3062/bt3062.jpg	https://data2.dawateislami.net/Data/Books/Download/ur/pdf/2022/3062-1.pdf?fn=bawafa-shohar	https://data2.dawateislami.net/download/islam/ur/mp3/2022/116823.mp3	https://data2.dawateislami.net/download/islam/ur/mp3/2022/116823.mp3?fn=%D8%A8%D8%A7%D9%88%D9%81%D8%A7%20%D8%B4%D9%88%DB%81%D8%B1.mp3
????? ?? ???	Ameer-e-Ahl-e-Sunnat	2	https://data2.dawateislami.net/Data/Books/Read/ur/2022/2976/bt2976.jpg	https://data2.dawateislami.net/Data/Books/Download/ur/pdf/2022/2976-1.pdf?fn=ramzan-ki-shan	https://data2.dawateislami.net/download/islam/ur/mp3/2022/107767.mp3	https://data2.dawateislami.net/download/islam/ur/mp3/2022/107767.mp3?fn=%D8%B1%D9%85%D8%B6%D8%A7%D9%86%20%DA%A9%DB%8C%20%D8%B4%D8%A7%D9%86.mp3
???? 60 ?? ???? ???? ????	Ameer-e-Ahl-e-Sunnat	3	https://data2.dawateislami.net/Data/Books/Read/ur/2021/2680/bt2680.jpg	https://data2.dawateislami.net/Data/Books/Download/ur/pdf/2021/2680-1.pdf?fn=60-hajj-karnay-wala-haji	https://data2.dawateislami.net/download/islam/ur/mp3/2021/96519.mp3	https://data2.dawateislami.net/download/islam/ur/mp3/2021/96519.mp3?fn=%D8%B3%D8%A7%D9%B9%DA%BE%2060%20%D8%AD%D8%AC%20%DA%A9%D8%B1%D9%86%DB%92%20%D9%88%D8%A7%D9%84%D8%A7%20%D8%AD%D8%A7%D8%AC%DB%8C.mp3
??????? ?? ???? ??? ????? ???? ????	Ameer-e-Ahl-e-Sunnat	19	https://data2.dawateislami.net/Data/Books/Read/ur/2021/2668/bt2668.jpg	https://data2.dawateislami.net/Data/Books/Download/ur/pdf/2021/2668-1.pdf?fn=janwaron-kay-baray-may-dilchasp-sawal-jawab	https://data2.dawateislami.net/download/islam/ur/mp3/2021/96222.mp3	https://data2.dawateislami.net/download/islam/ur/mp3/2021/96222.mp3?fn=%D8%AC%D8%A7%D9%86%D9%88%D8%B1%D9%88%DA%BA%20%DA%A9%DB%92%20%D8%A8%D8%A7%D8%B1%DB%92%20%D9%85%DB%8C%DA%BA%20%D8%AF%D9%84%DA%86%D8%B3%D9%BE%20%D8%B3%D9%88%D8%A7%D9%84%20%D8%AC%D9%88%D8%A7%D8%A8.mp3
?????? ???? ???? ????	Ameer-e-Ahl-e-Sunnat	17	https://data2.dawateislami.net/Data/Books/Read/ur/2021/2639/bt2639.jpg	https://data2.dawateislami.net/Data/Books/Download/ur/pdf/2021/2639-1.pdf?fn=qurbani-kiyon-kartay-hain	https://data2.dawateislami.net/download/islam/ur/mp3/2021/95931.mp3	https://data2.dawateislami.net/download/islam/ur/mp3/2021/95931.mp3?fn=%D9%82%D8%B1%D8%A8%D8%A7%D9%86%DB%8C%20%DA%A9%DB%8C%D9%88%DA%BA%20%DA%A9%D8%B1%D8%AA%DB%92%20%DB%81%DB%8C%DA%BA%D8%9F.mp3
????? ??? ??? ???? ??? ?? 72 ???????	Al Madina-tul-Ilmiyah	6	https://data2.dawateislami.net/Data/Books/Read/ur/2021/2587/bt2587.jpg	https://data2.dawateislami.net/Data/Books/Download/ur/pdf/2021/2587-1.pdf?fn=mola-ali-ke-72-irshadat	https://data2.dawateislami.net/download/islam/ur/mp3/2021/92734.mp3	https://data2.dawateislami.net/download/islam/ur/mp3/2021/92734.mp3?fn=%D9%85%D9%88%D9%84%DB%8C%D9%B0%20%D8%B9%D9%84%DB%8C%20%D8%B1%D8%B6%DB%8C%20%D8%A7%D9%84%D9%84%DB%81%20%D8%B9%D9%86%DB%81%20%DA%A9%DB%92%2072%20%D8%A7%D8%B1%D8%B4%D8%A7%D8%AF%D8%A7%D8%AA.mp3
???? ????? ?? ??????	Ameer-e-Ahl-e-Sunnat	16	https://data2.dawateislami.net/Data/Books/Read/ur/2021/2552/bt2552.jpg	https://data2.dawateislami.net/Data/Books/Download/ur/pdf/2021/2552-1.pdf?fn=rishtedaron-se-bhalai	https://data2.dawateislami.net/download/islam/ur/mp3/2021/91352.mp3	https://data2.dawateislami.net/download/islam/ur/mp3/2021/91352.mp3?fn=%D8%B1%D8%B4%D8%AA%DB%92%20%D8%AF%D8%A7%D8%B1%D9%88%DA%BA%20%D8%B3%DB%92%20%D8%A8%DA%BE%D9%84%D8%A7%D8%A6%DB%8C.mp3
????? ?????	Al Madina-tul-Ilmiyah	17	https://data2.dawateislami.net/Data/Books/Read/ur/2021/2441/bt2441.jpg	https://data2.dawateislami.net/Data/Books/Download/ur/pdf/2021/2441-1.pdf?fn=faizane-shaban	https://data2.dawateislami.net/download/islam/ur/mp3/2021/90059.mp3	https://data2.dawateislami.net/download/islam/ur/mp3/2021/90059.mp3?fn=%D9%81%DB%8C%D8%B6%D8%A7%D9%86%20%D8%B4%D8%B9%D8%A8%D8%A7%D9%86.mp3
??? ???? ???? ??? ???? ???	Al Madina-tul-Ilmiyah	17	https://data2.dawateislami.net/Data/Books/Read/ur/2021/2436/bt2436.jpg	https://data2.dawateislami.net/Data/Books/Download/ur/pdf/2021/2436-1.pdf?fn=shan-e-siddiq-e-akbar	https://data2.dawateislami.net/download/islam/ur/mp3/2021/86903.mp3	https://data2.dawateislami.net/download/islam/ur/mp3/2021/86903.mp3?fn=%D8%B4%D8%A7%D9%86%20%D8%B5%D8%AF%DB%8C%D9%82%20%D8%A7%DA%A9%D8%A8%D8%B1%20%D8%B1%D8%B6%DB%8C%20%D8%A7%D9%84%D9%84%DB%81%20%D8%B9%D9%86%DB%81.mp3
???? ?? ?????	Al Madina-tul-Ilmiyah	3	https://data2.dawateislami.net/Data/Books/Read/ur/2020/2183/bt2183.jpg	https://data2.dawateislami.net/Data/Books/Download/ur/pdf/2020/2183-1.pdf?fn=muharram-k-fazail	https://data2.dawateislami.net/download/islam/ur/mp3/2020/80265.mp3	https://data2.dawateislami.net/download/islam/ur/mp3/2020/80265.mp3?fn=%D9%85%D8%AD%D8%B1%D9%85%20%DA%A9%DB%92%20%D9%81%D8%B6%D8%A7%D8%A6%D9%84.mp3
?????? ???? ???????	Al Madina-tul-Ilmiyah	12	https://data2.dawateislami.net/Data/Books/Read/ur/2018/1725/bt1725.jpg	https://data2.dawateislami.net/Data/Books/Download/ur/pdf/2018/1725-1.pdf?fn=chuttiyan-kesay-guzarain	https://data2.dawateislami.net/download/islam/ur/mp3/2019/67556.mp3	https://data2.dawateislami.net/download/islam/ur/mp3/2019/67556.mp3?fn=%DA%86%DA%BE%D9%B9%DB%8C%D8%A7%DA%BA%20%DA%A9%DB%8C%D8%B3%DB%92%20%DA%AF%D8%B2%D8%A7%D8%B1%DB%8C%DA%BA%D8%9F.mp3
????? ?????? ???? ?????? - ??? ???	Khalifa e Ameer e Ahle Sunnat Maulana Abu Usaid Haji Ubaid Raza Attari Madani	9	https://data2.dawateislami.net/Data/Books/Read/ur/2018/1703/bt1703.jpg	https://data2.dawateislami.net/Data/Books/Download/ur/pdf/2018/1703-1.pdf?fn=tazkira-e-jaanisheen-e-ameer-e-ahle-sunnat	https://data2.dawateislami.net/download/islam/ur/mp3/2019/67345.mp3	https://data2.dawateislami.net/download/islam/ur/mp3/2019/67345.mp3?fn=%D8%AA%D8%B0%DA%A9%D8%B1%DB%81%20%D8%AC%D8%A7%D9%86%D8%B4%DB%8C%D9%86%20%D8%A7%D9%85%DB%8C%D8%B1%20%D8%A7%DB%81%D9%84%D8%B3%D9%86%D8%AA%20-%20%D9%82%D8%B3%D8%B7%20%D8%A7%D9%88%D9%84.mp3
?? ??? ??? ??? ???? ??	Markazi Majlis-e-Shoora	11	https://data2.dawateislami.net/Data/Books/Read/ur/2015/1262/bt1262.jpg	https://data2.dawateislami.net/Data/Books/Download/ur/pdf/2015/1262-1.pdf?fn=ya-waqt-bhi-guzar-jay-ga	https://data2.dawateislami.net/download/islam/ur/mp3/2019/70952.mp3	https://data2.dawateislami.net/download/islam/ur/mp3/2019/70952.mp3?fn=%DB%8C%DB%81%20%D9%88%D9%82%D8%AA%20%D8%A8%DA%BE%DB%8C%20%DA%AF%D8%B2%D8%B1%20%D8%AC%D8%A7%D8%A6%DB%92%20%DA%AF%D8%A7.mp3
??? ?? ?????	Ameer-e-Ahl-e-Sunnat	5	https://data2.dawateislami.net/Data/Books/Read/ur/2010/540/bt540.jpg	https://data2.dawateislami.net/Data/Books/Download/ur/pdf/2010/540-1.pdf?fn=aaqa-ka-mahina	https://data2.dawateislami.net/download/islam/ur/mp3/2019/65007.mp3	https://data2.dawateislami.net/download/islam/ur/mp3/2019/65007.mp3?fn=%D8%A2%D9%82%D8%A7%20%DA%A9%D8%A7%20%D9%85%DB%81%DB%8C%D9%86%D8%A7.mp3
????? ?? ????? ????	Ameer-e-Ahl-e-Sunnat	5	https://data2.dawateislami.net/Data/Books/Read/ur/2008/329/bt329.jpg	https://data2.dawateislami.net/Data/Books/Download/ur/pdf/2008/329-1.pdf?fn=karbala-ka-khooni-manzar	https://data2.dawateislami.net/download/islam/ur/mp3/2019/69982.mp3	https://data2.dawateislami.net/download/islam/ur/mp3/2019/69982.mp3?fn=%DA%A9%D8%B1%D8%A8%D9%84%D8%A7%20%DA%A9%D8%A7%20%D8%AE%D9%88%D9%86%DB%8C%DA%BA%20%D9%85%D9%86%D8%B8%D8%B1.mp3
???? ??? ???? ?? ????? ?? ??????? ?? ????	Ameer-e-Ahl-e-Sunnat	42	https://data2.dawateislami.net/Data/Books/Read/ur/2008/309/bt309.jpg	https://data2.dawateislami.net/Data/Books/Download/ur/pdf/2008/309-1.pdf?fn=kapray-pak-karnay-ka-tariqa-ma-najasaton-ka-bayan	https://data2.dawateislami.net/download/islam/ur/mp3/2019/67764.mp3	https://data2.dawateislami.net/download/islam/ur/mp3/2019/67764.mp3?fn=%DA%A9%D9%BE%DA%91%DB%92%20%D9%BE%D8%A7%DA%A9%20%DA%A9%D8%B1%D9%86%DB%92%20%DA%A9%D8%A7%20%D8%B7%D8%B1%DB%8C%D9%82%DB%81%20%D9%85%D8%B9%20%D9%86%D8%AC%D8%A7%D8%B3%D8%AA%D9%88%DA%BA%20%DA%A9%D8%A7%20%D8%A8%DB%8C%D8%A7%D9%86.mp3
???? ????? 	Ameer-e-Ahl-e-Sunnat	2	https://data2.dawateislami.net/Data/Books/Read/ur/2015/26/bt26.jpg	https://data2.dawateislami.net/Data/Books/Download/ur/pdf/2015/26-1.pdf?fn=kabab-samosay	https://data2.dawateislami.net/download/islam/ur/mp3/2018/55153.mp3	https://data2.dawateislami.net/download/islam/ur/mp3/2018/55153.mp3?fn=%DA%A9%D8%A8%D8%A7%D8%A8%20%D8%B3%D9%85%D9%88%D8%B3%DB%92%20.mp3
???? ????? ????	Ameer-e-Ahl-e-Sunnat	16	https://data2.dawateislami.net/Data/Books/Read/ur/2006/18/bt18.jpg	https://data2.dawateislami.net/Data/Books/Download/ur/pdf/2006/18-1.pdf?fn=ablaq-ghorey-suwar	https://data2.dawateislami.net/download/islam/ur/mp3/2019/68651.mp3	https://data2.dawateislami.net/download/islam/ur/mp3/2019/68651.mp3?fn=%D8%A7%D8%A8%D9%84%D9%82%20%DA%AF%DA%BE%D9%88%DA%91%DB%92%20%D8%B3%D9%88%D8%A7%D8%B1.mp3
?????? ???? ???? ??? ??? ???? ???? ?????? ????	Ameer-e-Ahl-e-Sunnat	8	https://data2.dawateislami.net/Data/Books/Read/ur/2002/14/bt14.jpg	https://data2.dawateislami.net/Data/Books/Download/ur/pdf/2002/14-1.pdf?fn=tazkira-e-imam-ahmad-raza	https://data2.dawateislami.net/download/islam/ur/mp3/2017/50764.mp3	https://data2.dawateislami.net/download/islam/ur/mp3/2017/50764.mp3?fn=%D8%AA%D8%B0%DA%A9%D8%B1%DB%81%D9%94%20%D8%A7%D9%85%D8%A7%D9%85%20%D8%A7%D8%AD%D9%85%D8%AF%20%D8%B1%D8%B6%D8%A7%20%D8%AE%D8%A7%D9%86%20%D8%B1%D8%AD%D9%85%DB%83%20%D8%A7%D9%84%D9%84%DB%81%20%D8%AA%D8%B9%D8%A7%D9%84%DB%8C%D9%B0%20%D8%B9%D9%84%DB%8C%DB%81.mp3
??? ?? ??????	Ameer-e-Ahl-e-Sunnat	4	https://data2.dawateislami.net/Data/Books/Read/ur/2004/2/bt2.jpg	https://data2.dawateislami.net/Data/Books/Download/ur/pdf/2004/2-1.pdf?fn=nehar-ki-sadain	https://data2.dawateislami.net/download/islam/ur/mp3/2019/65628.mp3	https://data2.dawateislami.net/download/islam/ur/mp3/2019/65628.mp3?fn=%D9%86%DB%81%D8%B1%20%DA%A9%DB%8C%20%D8%B5%D8%AF%D8%A7%D8%A6%DB%8C%DA%BA.mp3
